CCSS,England Code
K.CC.1,Ma1_2.1.a
K.CC.1,Ma1_2.1.b
K.CC.2,Ma1_2.1.a 
K.CC.3,Ma1_2.1.e
K.CC.4,Ma1_2.1.d 
K.CC.4.a,Ma1_2.1.d 
K.CC.4.b,Ma1_2.1.d 
K.CC.4.c,Ma1_2.1.c 
K.CC.5,Ma1_2.1.d 
K.CC.6,Ma1_2.1.d 
K.CC.7,Ma1_2.1.e
K.G.1,Ma1_3.3.a 
K.G.2,Ma1_3.2.a 
K.G.3,Ma1_3.2.a 
K.G.4,Ma1_3.2.a 
K.G.5,Ma3_3.2.a
K.G.5,Ma1_3.2.a
K.G.6,Ma1_3.2.a 
K.MD.1,Ma1_3.1.a
K.MD.2,Ma1_3.1.a
K.MD.3,Ma1_3.1.a
K.NBT.1,Ma1_2.2.b 
K.OA.1,Ma1_2.2.a 
K.OA.2,Ma1_2.2.d 
K.OA.3,Ma1_2.2.b 
K.OA.4,Ma1_2.2.c 
K.OA.5,Ma1_2.2.c 
1.G.1,Ma2_3.2.a        
1.G.1,Ma2_3.2.b
1.G.1,Ma2_3.2.d
1.G.2,Ma2_3.2.c 
1.G.3,Ma1_2.4.a
1.G.3,Ma1_2.4.b
1.MD.1,Ma1_3.1.b
1.MD.2,Ma1_3.1.b
1.MD.3,Ma1_3.1.f
1.MD.3,Ma1_3.1.d
1.MD.3,Ma1_3.1.e
1.MD.4,Ma2_4.1.b
1.MD.4,Ma2_4.1.c
1.NBT.1,Ma2_2.1.e 
1.NBT.2,Ma2_2.1.b 
1.NBT.2.a,Ma2_2.1.b 
1.NBT.2.b,Ma2_2.1.b 
1.NBT.2.c,Ma2_2.1.b 
1.NBT.3,Ma2_2.1.d 
1.NBT.4,Ma2_2.2.b 
1.NBT.5,Ma2_2.1.a 
1.NBT.6,Ma2_2.2.c 
1.OA.1,Ma2_2.2.a
1.OA.1,Ma2_2.2.c
1.OA.2,Ma2_2.2.a
1.OA.2,Ma2_2.2.c
1.OA.3,Ma2_2.2.d 
1.OA.4,Ma2_2.2e 
1.OA.5,Ma2_2.2e 
1.OA.6,Ma2_2.2.b 
1.OA.7,Ma2_2.1.c
1.OA.8,Ma2_2.2e 
2.G.1,Ma2_3.2.a
2.G.1,Ma3_3.2.b
2.G.2,Ma4_3.1.c 
2.G.3,Ma2_2.4.a
2.G.3,Ma2_2.4.b
2.G.3,Ma3_2.4.d
2.MD.1,Ma2_3.1.a 
2.MD.10,Ma2_4.1.a 
2.MD.2,Ma2_3.1.a 
2.MD.3,Ma2_3.1.a 
2.MD.4,Ma2_3.1.b 
2.MD.5,Ma3_3.1.a 
2.MD.6,Ma2_2.1.c
2.MD.7,Ma2_3.1.g
2.MD.7,Ma2_3.1.f
2.MD.7,Ma2_3.1.h
2.MD.8,
2.MD.9,Ma2_3.1.a 
2.NBT.1,Ma3_2.1.b
2.NBT.1,Ma3_2.1.d
2.NBT.1.a,Ma3_2.1.b 
2.NBT.1.b,Ma3_2.1.b 
2.NBT.2,Ma3_2.1.c
2.NBT.2,Ma3_2.1.e
2.NBT.2,Ma3_2.1.a
2.NBT.3,Ma3_2.1.c
2.NBT.4,Ma2_2.1.d 
2.NBT.5,Ma3_2.2.a
2.NBT.5,Ma3_2.2.b
2.NBT.6,Ma3_2.2.a
2.NBT.6,Ma3_2.2.b
2.NBT.7,Ma4_2.2.a 
2.NBT.7,Ma3_2.1.f
2.NBT.8,Ma3_2.1.a 
2.NBT.9,Ma3_2.1.f 
2.OA.1,Ma2_2.2.a 
2.OA.1,Ma2_2.1.f
2.OA.2,Ma2_2.2.b
2.OA.2,Ma5_2.2.b
2.OA.3,Ma2_3.3.a 
2.OA.4,Ma1_2.3.a
3.G.1,Ma4_3.2.a 
3.G.2,Ma2_2.4.a 
3.MD.1,Ma3_3.1.e         
3.MD.1,Ma3_3.1.d
3.MD.1,Ma3_3.1.f
3.MD.1,Ma3_3.1.g
3.MD.1,Ma4_3.1.e
3.MD.2,Ma3_3.1.a 
3.MD.3,Ma3_4.1.a
3.MD.3,Ma3_4.1.b
3.MD.4,Ma5_3.1.b 
3.MD.5,Ma4_3.1.c 
3.MD.5.a,Ma4_3.1.c 
3.MD.5.b,Ma4_3.1.c 
3.MD.6,Ma4_3.1.c 
3.MD.7,Ma5_3.1.d
3.MD.7,Ma6_3.1.d
3.MD.7.a,Ma5_3.1.d 
3.MD.7.b,Ma5_3.1.d 
3.MD.7.c,Ma5_3.1.d 
3.MD.7.d,Ma5_3.1.d 
3.MD.8,Ma5_3.1.c     
3.MD.8,Ma3_3.1.b
3.NBT.1,Ma4_2.1.g 
3.NBT.2,Ma4_2.2.a 
3.NBT.3,Ma3_2.3.b 
3.NF.1,Ma3_2.4.b 
3.NF.2,Ma3_2.4.c 
3.NF.2.a,Ma5_2.4.a
3.NF.2.a,Ma3_2.4.a
3.NF.2.b,Ma5_2.4.a 
3.NF.3,Ma4_2.4.a
3.NF.3,Ma3_2.4.g
3.NF.3.a,Ma4_2.4.a 
3.NF.3.b,Ma4_2.4.a 
3.NF.3.c,Ma3_2.4.c 
3.NF.3.d,Ma3_2.4.f 
3.OA.1,Ma1_2.3.a
3.OA.2,Ma1_2.3.a
3.OA.3,Ma2_2.3.d 
3.OA.4,Ma3_2.3.c 
3.OA.4,Ma3_2.2.c
3.OA.5,Ma2_2.3.c 
3.OA.6,Ma2_2.3.b 
3.OA.7,Ma4_2.3.a
3.OA.7,Ma3_2.3.a
3.OA.7,Ma6_2.2.d
3.OA.8,Ma4_2.2.c
3.OA.8,Ma4_2.3.e
3.OA.8,Ma3_2.2e
4.G.1,Ma3_3.2.c
4.G.1,Ma3_3.2.d
4.G.1,Ma4_3.2.b
4.G.2,Ma6_3.2.c 
4.G.3,"Ma4_3.2.c, "
4.G.3,Ma4_3.2.d
4.MD.1,Ma4_3.1.d
4.MD.1,Ma4_3.1.f
4.MD.1,Ma5_3.1.f
4.MD.2,Ma5_3.1.g
4.MD.2,Ma4_3.1.b
4.MD.3,Ma6_3.1.e
4.MD.4,Ma4_4.1.a
4.MD.4,Ma4_4.1.b
4.MD.4,Ma5_4.1.b
4.MD.5,Ma5_3.2.b 
4.MD.5.a,Ma5_3.2.d   
4.MD.5.a,Ma2_3.3.b
4.MD.5.b,Ma5_3.2.c 
4.MD.6,Ma5_3.2.c 
4.MD.7,Ma6_3.2e 
4.NBT.1,Ma4_2.1.d
4.NBT.1,Ma5_2.1.b
4.NBT.2,"Ma4_2.1.e, ,          "
4.NBT.2,Ma4_2.1.b
4.NBT.2,Ma6_2.1.a
4.NBT.3,Ma5_2.1.d
4.NBT.3,Ma6_2.1.b
4.NBT.3,Ma6_2.1.d
4.NBT.4,Ma5_2.2.a
4.NBT.4,Ma5_2.2.d
4.NBT.5,"Ma5_2.3.d, "
4.NBT.5,Ma4_2.2.b
4.NBT.6,Ma5_2.3.f
4.NBT.6,Ma4_2.1.h
4.NBT.6,Ma4_2.3.b
4.NBT.6,Ma4_2.3.d
4.NBT.6,Ma5_2.1.e
4.NBT.6,Ma6_2.2h
4.NF.1,Ma5_2.4.b 
4.NF.2,Ma6_2.3.b 
4.NF.3,Ma3_2.4.c 
4.NF.3.a,Ma4_2.4.d 
4.NF.3.b,Ma4_2.4.d 
4.NF.3.c,Ma5_2.4.d 
4.NF.3.d,Ma4_2.4.c 
4.NF.4,Ma5_2.4.e 
4.NF.4.a,Ma5_2.4.c 
4.NF.4.b,Ma5_2.4.e 
4.NF.4.c,Ma5_2.4.e 
4.NF.5,Ma4_2.4.g
4.NF.5,Ma4_2.4.b
4.NF.6,Ma4_2.4.e
4.NF.6,Ma4_2.4.f
4.NF.6,Ma6_2.3k
4.NF.7,Ma4_2.4.i 
4.OA.1,Ma3_2.3.b
4.OA.1,Ma4_2.1.f
4.OA.2,Ma3_2.3.c 
4.OA.3,Ma4_2.3.e
4.OA.3,Ma5_2.3.e
4.OA.3,Ma6_2.2i
4.OA.4,Ma4_2.3.c
4.OA.4,Ma5_2.3.a
4.OA.4,Ma5_2.3.b
4.OA.4,Ma5_2.3.c
4.OA.5,Ma6_2.5.b 
5.G.1,Ma4_3.3.a
5.G.1,Ma4_3.3.b
5.G.1,Ma4_3.3.c
5.G.2,Ma4_3.3.a
5.G.2,Ma4_3.3.b
5.G.2,Ma4_3.3.c
5.G.3,"Ma5_3.2e,     "
5.G.3,Ma5_3.2.a
5.G.4,Ma4_3.2.a       
5.G.4,Ma5_3.2f
5.MD.1,Ma4_3.1.a
5.MD.1,Ma6_3.1.a
5.MD.1,Ma6_3.1.b
5.MD.1,Ma5_3.1.a
5.MD.1,Ma6_3.1.c
5.MD.2,Ma5_4.1.a 
5.MD.3,Ma5_3.1.e 
5.MD.3.a,Ma6_3.1.g 
5.MD.3.b,Ma6_3.1.g 
5.MD.4,Ma6_3.1.g 
5.MD.5,Ma6_3.1.e
5.MD.5.a,Ma6_3.1.e
5.MD.5.a,Ma6_3.1.g
5.MD.5.b,Ma6_3.1.e
5.MD.5.b,Ma6_3.1.g
5.MD.5.c,Ma6_3.1.e
5.MD.5.c,Ma6_3.1.g
5.NBT.1,Ma5_2.1.a 
5.NBT.2,Ma5_2.1.b 
5.NBT.3,Ma5_2.4.i
5.NBT.3,Ma5_2.4.j
5.NBT.3.a,Ma5_2.4.f
5.NBT.3.a,Ma5_2.4.g
5.NBT.3.b,"Ma5_2.4.i,     "
5.NBT.3.b,Ma6_2.3g
5.NBT.4,Ma6_2.3j
5.NBT.4,Ma4_2.4.h
5.NBT.4,Ma5_2.2.c
5.NBT.4,Ma5_2.4.h
5.NBT.5,Ma6_2.2.a
5.NBT.6,Ma6_2.2.b
5.NBT.6,Ma6_2.2.c
5.NBT.7,Ma6_2.3.h     
5.NBT.7,Ma6_2.3.i
5.NBT.7,Ma4_2.4.j
5.NF.1,Ma6_2.3.c 
5.NF.2,Ma6_2.3.c 
5.NF.3,Ma6_2.3.f 
5.NF.4,Ma6_2.3.d         
5.NF.4.a,Ma6_2.3.d   
5.NF.4.a,Ma6_2.3.a
5.NF.4.b,Ma6_3.1.e
5.NF.6,Ma5_2.4.e 
5.NF.7,Ma6_2.3.e 
5.NF.7.a,Ma6_2.3.e 
5.NF.7.b,Ma6_2.3.e 
5.NF.7.c,"Ma6_2.3.e, "
5.OA.1,Ma6_2.2f 
5.OA.2,Ma6_2.2f 
5.OA.3,Ma4_2.1.a 
6.EE.1,KS3.N.7
6.EE.2,Ma6_2.5.a 
6.EE.2.a,Ma6_2.5c 
6.EE.2.b,KS3.A.3
6.EE.2.c,KS3.A.2
6.EE.2.c,KS3.N.5
6.EE.3,Ma6_2.5
6.EE.3,Ma6_2.5e
6.EE.3,KS3.A.5
6.EE.4,KS3.A.1
6.G.1,Ma6_3.1.f  
6.G.1,KS3.G.1
6.G.2,KS3.G.1
6.G.3,Ma6_3.3.b
6.G.3,Ma6_3.2.a
6.G.3,Ma6_3.3.a
6.G.4,Ma6_3.2.b 
6.NS.1,KS3.N.11
6.NS.2,Ma5_2.3.f
6.NS.2,Ma5_2.3.j
6.NS.3,Ma6_2.2g    
6.NS.3,Ma5_2.3g
6.NS.3,KS3.N.1
6.NS.3,KS3.N.4
6.NS.4,Ma6_2.2e
6.NS.4,KS3.N.3
6.NS.5,Ma4_2.1.c
6.NS.5,Ma5_2.1.c
6.NS.6,KS3.A.8
6.NS.7,KS3.N.1
6.NS.7.b,KS3.N.2
6.RP.1,KS3.RP.4
6.RP.2,Ma6_2.4.d      
6.RP.2,KS3.RP.3
6.RP.2,KS3.RP.5
6.RP.2,Ma5_2.3k
6.RP.3,KS3.RP.6
6.RP.3.b,Ma6_2.4.a 
6.RP.3.c,Ma5_2.4.k
6.RP.3.c,Ma5_2.4.l
6.RP.3.c,Ma6_2.4.b
6.RP.3.c,KS3.N.10
6.RP.3.d,KS3.RP.1
6.RP.3.d,KS3.N.11
6.RP.3.d,KS3.N.12
6.SP.4,Ma6_4.1.a 
6.SP.5.c,Ma6_4.1.b 
7.EE.1,KS3.A.4
7.EE.3,KS3.N.13
7.EE.3,KS3.N.14
7.EE.3,KS3.N.15
7.EE.4,KS3.A.1
7.G.1,KS3.RP.2
7.G.1,KS3.G.7
7.G.2,"KS3.G.3,,   "
7.G.2,KS3.G.4
7.G.2,KS3.G.5
7.G.4,Ma6_3.2.d    
7.G.4,KS3.G.2
7.G.5,KS3.G.10
7.G.5,KS3.G.11
7.NS.1.c,KS3.N.6
7.NS.2.d,KS3.N.9
7.NS.2.d,KS3.N.16
7.RP.2,KS3.RP.7
7.RP.2.c,KS3.RP.9
7.RP.3,KS3.RP.8
7.RP.3,KS3.RP.10
7.SP.2,KS3.S.1
7.SP.3,KS3.S.1
7.SP.4,KS3.S.1
7.SP.5,KS3.P.1
7.SP.5,KS3.P.2
7.SP.6,KS3.P.1
7.SP.6,KS3.P.2
7.SP.7,KS3.P.1
7.SP.7,KS3.P.2
7.SP.7.a,KS3.P.1
7.SP.7.a,KS3.P.2
7.SP.7.b,KS3.P.1
7.SP.7.b,KS3.P.2
7.SP.8,KS3.P.3
7.SP.8.a,KS3.P.4
7.SP.8.b,KS3.P.4
7.SP.8.c,KS3.P.4
8.EE.4,KS3.N.8
8.EE.5,
8.EE.6,KS3.A.11
8.EE.7,KS3.A.7
8.EE.7.a,
8.EE.7.b,
8.EE.8,KS3.A.12
8.EE.8.a,KS3.A.12
8.EE.8.b,KS3.A.13
8.F.3,KS3.A.9
8.F.4,KS3.A.6
8.F.5,KS3.A.10
8.G.1,Ma5_3.3.a 
8.G.2,KS3.G.6
8.G.2,KS3.G.9
8.G.3,KS3.G.8
8.G.4,Ma6_2.4.c 
8.G.5,KS3.G.12
8.G.6,KS3.G.13
8.G.7,KS3.G.14
8.G.8,KS3.G.14
8.G.9,KS3.G.15
8.G.9,KS3.G.16
8.NS.2,Ma5_2.3.i
8.NS.2,Ma5_2.3.h
8.SP.1,KS3.S.2
8.SP.2,KS3.S.2
8.SP.3,KS3.S.3
8.SP.4,KS3.S.3